id,message,label
1,Congratulations! You have won a cash prize. Claim now.,spam
2,URGENT! You have been selected for a special reward. Call now.,spam
3,Win a free gift card today. Click to claim your prize.,spam
4,You are a lucky winner. Send your details to receive the reward.,spam
5,Exclusive offer! Get a huge discount today. Limited time only.,spam
6,"Congratulations, you won a free vacation. Claim your ticket now.",spam
7,Your account has won a bonus reward. Verify now.,spam
8,FREE recharge available today. Claim your offer immediately.,spam
9,You have been chosen for a special cash reward.,spam
10,Limited time offer! Get your bonus before it expires.,spam
11,Congratulations! You have won a cash prize. Claim now.,spam
12,URGENT! You have been selected for a special reward. Call now.,spam
13,Win a free gift card today. Click to claim your prize.,spam
14,You are a lucky winner. Send your details to receive the reward.,spam
15,Exclusive offer! Get a huge discount today. Limited time only.,spam
16,"Congratulations, you won a free vacation. Claim your ticket now.",spam
17,Your account has won a bonus reward. Verify now.,spam
18,FREE recharge available today. Claim your offer immediately.,spam
19,You have been chosen for a special cash reward.,spam
20,Limited time offer! Get your bonus before it expires.,spam
21,Congratulations! You have won a cash prize. Claim now.,spam
22,URGENT! You have been selected for a special reward. Call now.,spam
23,Win a free gift card today. Click to claim your prize.,spam
24,You are a lucky winner. Send your details to receive the reward.,spam
25,Exclusive offer! Get a huge discount today. Limited time only.,spam
26,"Congratulations, you won a free vacation. Claim your ticket now.",spam
27,Your account has won a bonus reward. Verify now.,spam
28,FREE recharge available today. Claim your offer immediately.,spam
29,You have been chosen for a special cash reward.,spam
30,Limited time offer! Get your bonus before it expires.,spam
31,Congratulations! You have won a cash prize. Claim now.,spam
32,URGENT! You have been selected for a special reward. Call now.,spam
33,Win a free gift card today. Click to claim your prize.,spam
34,You are a lucky winner. Send your details to receive the reward.,spam
35,Exclusive offer! Get a huge discount today. Limited time only.,spam
36,"Congratulations, you won a free vacation. Claim your ticket now.",spam
37,Your account has won a bonus reward. Verify now.,spam
38,FREE recharge available today. Claim your offer immediately.,spam
39,You have been chosen for a special cash reward.,spam
40,Limited time offer! Get your bonus before it expires.,spam
41,Congratulations! You have won a cash prize. Claim now.,spam
42,URGENT! You have been selected for a special reward. Call now.,spam
43,Win a free gift card today. Click to claim your prize.,spam
44,You are a lucky winner. Send your details to receive the reward.,spam
45,Exclusive offer! Get a huge discount today. Limited time only.,spam
46,"Congratulations, you won a free vacation. Claim your ticket now.",spam
47,Your account has won a bonus reward. Verify now.,spam
48,FREE recharge available today. Claim your offer immediately.,spam
49,You have been chosen for a special cash reward.,spam
50,Limited time offer! Get your bonus before it expires.,spam
51,Congratulations! You have won a cash prize. Claim now.,spam
52,URGENT! You have been selected for a special reward. Call now.,spam
53,Win a free gift card today. Click to claim your prize.,spam
54,You are a lucky winner. Send your details to receive the reward.,spam
55,Exclusive offer! Get a huge discount today. Limited time only.,spam
56,"Congratulations, you won a free vacation. Claim your ticket now.",spam
57,Your account has won a bonus reward. Verify now.,spam
58,FREE recharge available today. Claim your offer immediately.,spam
59,You have been chosen for a special cash reward.,spam
60,Limited time offer! Get your bonus before it expires.,spam
61,Congratulations! You have won a cash prize. Claim now.,spam
62,URGENT! You have been selected for a special reward. Call now.,spam
63,Win a free gift card today. Click to claim your prize.,spam
64,You are a lucky winner. Send your details to receive the reward.,spam
65,Exclusive offer! Get a huge discount today. Limited time only.,spam
66,"Congratulations, you won a free vacation. Claim your ticket now.",spam
67,Your account has won a bonus reward. Verify now.,spam
68,FREE recharge available today. Claim your offer immediately.,spam
69,You have been chosen for a special cash reward.,spam
70,Limited time offer! Get your bonus before it expires.,spam
71,Congratulations! You have won a cash prize. Claim now.,spam
72,URGENT! You have been selected for a special reward. Call now.,spam
73,Win a free gift card today. Click to claim your prize.,spam
74,You are a lucky winner. Send your details to receive the reward.,spam
75,Exclusive offer! Get a huge discount today. Limited time only.,spam
76,"Congratulations, you won a free vacation. Claim your ticket now.",spam
77,Your account has won a bonus reward. Verify now.,spam
78,FREE recharge available today. Claim your offer immediately.,spam
79,You have been chosen for a special cash reward.,spam
80,Limited time offer! Get your bonus before it expires.,spam
81,Congratulations! You have won a cash prize. Claim now.,spam
82,URGENT! You have been selected for a special reward. Call now.,spam
83,Win a free gift card today. Click to claim your prize.,spam
84,You are a lucky winner. Send your details to receive the reward.,spam
85,Exclusive offer! Get a huge discount today. Limited time only.,spam
86,"Congratulations, you won a free vacation. Claim your ticket now.",spam
87,Your account has won a bonus reward. Verify now.,spam
88,FREE recharge available today. Claim your offer immediately.,spam
89,You have been chosen for a special cash reward.,spam
90,Limited time offer! Get your bonus before it expires.,spam
91,Congratulations! You have won a cash prize. Claim now.,spam
92,URGENT! You have been selected for a special reward. Call now.,spam
93,Win a free gift card today. Click to claim your prize.,spam
94,You are a lucky winner. Send your details to receive the reward.,spam
95,Exclusive offer! Get a huge discount today. Limited time only.,spam
96,"Congratulations, you won a free vacation. Claim your ticket now.",spam
97,Your account has won a bonus reward. Verify now.,spam
98,FREE recharge available today. Claim your offer immediately.,spam
99,You have been chosen for a special cash reward.,spam
100,Limited time offer! Get your bonus before it expires.,spam
101,"Hi, are we still meeting after class today?",ham
102,Please send me the notes when you get time.,ham
103,Your appointment is confirmed for tomorrow at 10 AM.,ham
104,Can you call me when you reach home?,ham
105,The project meeting has been moved to Monday.,ham
106,Don't forget to bring your notebook to class.,ham
107,I will send the assignment file tonight.,ham
108,Lunch is ready. Come downstairs when you can.,ham
109,Thanks for helping me with the project.,ham
110,The bus will arrive at the usual time.,ham
111,"Hi, are we still meeting after class today?",ham
112,Please send me the notes when you get time.,ham
113,Your appointment is confirmed for tomorrow at 10 AM.,ham
114,Can you call me when you reach home?,ham
115,The project meeting has been moved to Monday.,ham
116,Don't forget to bring your notebook to class.,ham
117,I will send the assignment file tonight.,ham
118,Lunch is ready. Come downstairs when you can.,ham
119,Thanks for helping me with the project.,ham
120,The bus will arrive at the usual time.,ham
121,"Hi, are we still meeting after class today?",ham
122,Please send me the notes when you get time.,ham
123,Your appointment is confirmed for tomorrow at 10 AM.,ham
124,Can you call me when you reach home?,ham
125,The project meeting has been moved to Monday.,ham
126,Don't forget to bring your notebook to class.,ham
127,I will send the assignment file tonight.,ham
128,Lunch is ready. Come downstairs when you can.,ham
129,Thanks for helping me with the project.,ham
130,The bus will arrive at the usual time.,ham
131,"Hi, are we still meeting after class today?",ham
132,Please send me the notes when you get time.,ham
133,Your appointment is confirmed for tomorrow at 10 AM.,ham
134,Can you call me when you reach home?,ham
135,The project meeting has been moved to Monday.,ham
136,Don't forget to bring your notebook to class.,ham
137,I will send the assignment file tonight.,ham
138,Lunch is ready. Come downstairs when you can.,ham
139,Thanks for helping me with the project.,ham
140,The bus will arrive at the usual time.,ham
141,"Hi, are we still meeting after class today?",ham
142,Please send me the notes when you get time.,ham
143,Your appointment is confirmed for tomorrow at 10 AM.,ham
144,Can you call me when you reach home?,ham
145,The project meeting has been moved to Monday.,ham
146,Don't forget to bring your notebook to class.,ham
147,I will send the assignment file tonight.,ham
148,Lunch is ready. Come downstairs when you can.,ham
149,Thanks for helping me with the project.,ham
150,The bus will arrive at the usual time.,ham
151,"Hi, are we still meeting after class today?",ham
152,Please send me the notes when you get time.,ham
153,Your appointment is confirmed for tomorrow at 10 AM.,ham
154,Can you call me when you reach home?,ham
155,The project meeting has been moved to Monday.,ham
156,Don't forget to bring your notebook to class.,ham
157,I will send the assignment file tonight.,ham
158,Lunch is ready. Come downstairs when you can.,ham
159,Thanks for helping me with the project.,ham
160,The bus will arrive at the usual time.,ham
161,"Hi, are we still meeting after class today?",ham
162,Please send me the notes when you get time.,ham
163,Your appointment is confirmed for tomorrow at 10 AM.,ham
164,Can you call me when you reach home?,ham
165,The project meeting has been moved to Monday.,ham
166,Don't forget to bring your notebook to class.,ham
167,I will send the assignment file tonight.,ham
168,Lunch is ready. Come downstairs when you can.,ham
169,Thanks for helping me with the project.,ham
170,The bus will arrive at the usual time.,ham
171,"Hi, are we still meeting after class today?",ham
172,Please send me the notes when you get time.,ham
173,Your appointment is confirmed for tomorrow at 10 AM.,ham
174,Can you call me when you reach home?,ham
175,The project meeting has been moved to Monday.,ham
176,Don't forget to bring your notebook to class.,ham
177,I will send the assignment file tonight.,ham
178,Lunch is ready. Come downstairs when you can.,ham
179,Thanks for helping me with the project.,ham
180,The bus will arrive at the usual time.,ham
181,"Hi, are we still meeting after class today?",ham
182,Please send me the notes when you get time.,ham
183,Your appointment is confirmed for tomorrow at 10 AM.,ham
184,Can you call me when you reach home?,ham
185,The project meeting has been moved to Monday.,ham
186,Don't forget to bring your notebook to class.,ham
187,I will send the assignment file tonight.,ham
188,Lunch is ready. Come downstairs when you can.,ham
189,Thanks for helping me with the project.,ham
190,The bus will arrive at the usual time.,ham
191,"Hi, are we still meeting after class today?",ham
192,Please send me the notes when you get time.,ham
193,Your appointment is confirmed for tomorrow at 10 AM.,ham
194,Can you call me when you reach home?,ham
195,The project meeting has been moved to Monday.,ham
196,Don't forget to bring your notebook to class.,ham
197,I will send the assignment file tonight.,ham
198,Lunch is ready. Come downstairs when you can.,ham
199,Thanks for helping me with the project.,ham
200,The bus will arrive at the usual time.,ham
